{
  "rep_count": 4,
  "pass_count": 4,
  "fail_count": 0,
  "avg_rom": 98.5838302954204,
  "avg_duration": 4.333333333333333,
  "max_rom": 110.79780916053352,
  "min_rom": 90.52929847835313,
  "max_duration": 4.633333333333334,
  "min_duration": 4.0
}